{
  "n_tickers": 2,
  "tickers": [
    "IONQ",
    "NVDA"
  ],
  "average_importance": {
    "obv": 0.06661617187435077,
    "obv_sma_20": 0.035684842244378144,
    "ichimoku_senkou_b": 0.028573321492491997,
    "ichimoku_chikou": 0.02842305896791818,
    "sma_100": 0.028254413417827057,
    "atr_14": 0.026247845213201948,
    "macd_histogram": 0.02398983341270824,
    "bb_upper": 0.023729944399895862,
    "bb_width": 0.022386945797276424,
    "williams_r_14": 0.01944520116116905,
    "dist_52w_low": 0.018297898060037048,
    "stoch_d_14": 0.01703741262755705,
    "upper_wick": 0.01659504986158547,
    "ultimate_oscillator": 0.01581694083918432,
    "daily_return": 0.015653141377174398,
    "atr_pct": 0.015609140988019746,
    "lower_wick": 0.015232015702956549,
    "plus_di": 0.014874553208391397,
    "macd_signal": 0.014182803951297377,
    "bb_position": 0.013964786061101176,
    "mfi_14": 0.013907137914148063,
    "stoch_rsi_k": 0.013221763651939406,
    "adx": 0.013049349576707461,
    "momentum_20": 0.012389422412605707,
    "bb_lower": 0.012041968303617577,
    "awesome_oscillator": 0.011866306659800895,
    "momentum_10": 0.011659176279245877,
    "dist_52w_high": 0.011629661838525528,
    "volume_ratio": 0.011527763715776521,
    "stoch_k_14": 0.01146817482810465,
    "dist_sma_5": 0.011466420258050449,
    "sma_200": 0.0113069699491188,
    "ichimoku_senkou_a": 0.011098735488814885,
    "dist_sma_10": 0.010989603914350991,
    "dist_sma_200": 0.010784551595317765,
    "hull_ma_9": 0.010423194713201649,
    "dist_sma_100": 0.010350322713375638,
    "minus_di": 0.010157297375219965,
    "daily_range": 0.010105050828523815,
    "sma_20": 0.009988625479800273,
    "bear_power": 0.009950523881580874,
    "ema_5": 0.009943565400131284,
    "bb_middle": 0.009936227565972525,
    "macd": 0.009526053639282817,
    "dist_ema_100": 0.009507459659803565,
    "ema_50": 0.009484649352244395,
    "vwma_20": 0.009250511606287763,
    "sma_5": 0.009180903777338286,
    "dist_ema_5": 0.00914825218978888,
    "sma_50": 0.009140391236730033,
    "rsi_7": 0.009021791846500886,
    "wma_9": 0.008903845461885756,
    "sma_10": 0.008772054946409175,
    "wma_4": 0.008645573260762653,
    "cci_14": 0.008567714911202517,
    "dist_sma_50": 0.008393082507304564,
    "dist_ema_200": 0.00832087373092269,
    "stoch_rsi_d": 0.008230361840945364,
    "ichimoku_kijun": 0.008180688089518261,
    "ema_100": 0.008123282563217824,
    "bull_power": 0.008103843400331937,
    "wma_20": 0.008033525112555829,
    "body_size": 0.007938075736257526,
    "dist_ema_10": 0.00791554084186871,
    "cci_20": 0.00764597196363609,
    "rsi_21": 0.007623745649770951,
    "dist_sma_20": 0.007603026126763349,
    "sma_30": 0.007444776489987676,
    "ema_200": 0.007280224877590878,
    "rsi_14": 0.006820723730077547,
    "ema_10": 0.006623073388577559,
    "ema_30": 0.0066004392413562055,
    "dist_ema_50": 0.006353598124691847,
    "dist_ema_20": 0.0060406606734783605,
    "ema_20": 0.0056685258466360276,
    "ichimoku_tenkan": 0.00560725580917391,
    "consec_up": 0.00414673082473057,
    "consec_down": 0.00363108811933027,
    "bullish_candle": 0.0014202822181620576,
    "obv_trend": 0.0008232362072731212,
    "stoch_cross": 0.00072312390455127,
    "ichimoku_tk_cross": 0.0005481005815950816,
    "sma_20_50_cross": 0.0005314389330131461,
    "sma_50_200_cross": 0.00048592109316329966,
    "sma_5_20_cross": 0.0004833474063539891,
    "ema_10_20_cross": 0.0004749032531373422,
    "at_20d_high": 0.00045060278691963214,
    "macd_cross": 0.0004194120969708571,
    "adx_strong_trend": 0.00040727604095597774,
    "high_volume": 0.00038074136121359525,
    "below_cloud": 0.0003305769094576527,
    "doji": 0.0002746782863240901,
    "macd_positive": 0.00020970521513427392,
    "di_cross": 0.00017320288925622124,
    "above_cloud": 0.0001678725604775246,
    "at_20d_low": 9.512784747953639e-05,
    "rsi_overbought": 7.557128195651891e-05,
    "mfi_oversold": 7.079586480000989e-05,
    "mfi_overbought": 5.744446958176958e-05,
    "rsi_oversold": 4.1187212809283125e-05
  },
  "top_20_indicators": {
    "obv": 0.06661617187435077,
    "obv_sma_20": 0.035684842244378144,
    "ichimoku_senkou_b": 0.028573321492491997,
    "ichimoku_chikou": 0.02842305896791818,
    "sma_100": 0.028254413417827057,
    "atr_14": 0.026247845213201948,
    "macd_histogram": 0.02398983341270824,
    "bb_upper": 0.023729944399895862,
    "bb_width": 0.022386945797276424,
    "williams_r_14": 0.01944520116116905,
    "dist_52w_low": 0.018297898060037048,
    "stoch_d_14": 0.01703741262755705,
    "upper_wick": 0.01659504986158547,
    "ultimate_oscillator": 0.01581694083918432,
    "daily_return": 0.015653141377174398,
    "atr_pct": 0.015609140988019746,
    "lower_wick": 0.015232015702956549,
    "plus_di": 0.014874553208391397,
    "macd_signal": 0.014182803951297377,
    "bb_position": 0.013964786061101176
  }
}