month,period,trades,wins,net_pnl,win_rate
2026-02,train,59,17,-593.8543999999999,28.8
2026-03,test,41,10,-590.2976,24.4
2026-03,train,29,18,338.66499999999996,62.1
2026-03,validate,33,15,137.39909999999998,45.5
