{
  "ticker": "IONQ",
  "analysis_date": "2026-03-11T17:00:15.774839",
  "n_trading_days": 502,
  "n_features": 169,
  "model_performance": {
    "random_forest": {
      "accuracy": 0.5228915662650603,
      "std": 0.04914717603462925
    },
    "gradient_boosting": {
      "accuracy": 0.5277108433734939,
      "std": 0.09976020021438292
    },
    "ridge": {
      "r2": -6.238675102964881,
      "std": 4.090011935736543
    }
  },
  "feature_importance": {
    "atr_14": 0.7629279856189731,
    "bb_lower": 0.6368220361592474,
    "fractal_dimension": 0.5506001960871372,
    "skewness_60d": 0.44109450313687615,
    "tail_ratio": 0.41002019077490426,
    "drawdown": 0.3930160374988816,
    "var_95_parametric": 0.3629161905267352,
    "drawdown_20d_max": 0.3537029951551468,
    "log_price": 0.3207164563192739,
    "realized_vol_60": 0.2900762949283075,
    "ichimoku_senkou_a": 0.27685581827237354,
    "parkinson_vol": 0.2748167972059562,
    "kurtosis_60d": 0.26256982158797415,
    "minus_di": 0.26021470337169506,
    "ichimoku_tenkan": 0.2584529846483866,
    "autocorr_5": 0.2554353190640589,
    "cumulative_delta": 0.2540613968319322,
    "macd_signal": 0.24717806941028875,
    "vwap_distance": 0.24364753384647111,
    "sma_50": 0.2377313148695187,
    "amihud_illiquidity": 0.23024241191086284,
    "force_index_13": 0.22821643587840373,
    "ema_200": 0.2276240842007577,
    "ad_line": 0.22417569194364106,
    "vwap": 0.21585750836210119,
    "ichimoku_chikou": 0.21427341235938818,
    "hurst_approx": 0.21273739547727732,
    "volume_concentration": 0.21218863870190569,
    "ofi_ma": 0.2101284809678672,
    "bb_upper": 0.20879890062510642,
    "cvar_95_20d": 0.19996123858831125,
    "smi": 0.19767328450531735,
    "sma_100": 0.1950096411644153,
    "momentum_1m": 0.19344014269324905,
    "realized_vol_10": 0.1925531578939605,
    "days_since_high": 0.18729017359397837,
    "ema_10": 0.186584743773963,
    "macd_histogram": 0.1861668091294739,
    "vol_of_vol": 0.1857714115477157,
    "ichimoku_senkou_b": 0.1836817982434482,
    "realized_vol_20": 0.18036282256452366,
    "yz_volatility": 0.1801285291158049,
    "var_95_20d": 0.1773633719708275,
    "adx": 0.1773224681553712,
    "plus_di": 0.17416714952971718,
    "zscore_ma_100": 0.17216411957322392,
    "sma_30": 0.16834030385372808,
    "ema_50": 0.1620252612363391,
    "sma_10": 0.16126682628747838,
    "bb_position_100": 0.15525241386457245,
    "roll_spread": 0.15057948242905628,
    "smi_signal": 0.15049630838495737,
    "sharpe_60d": 0.15036371417546968,
    "delta_divergence": 0.14931137198061914,
    "bb_position_10": 0.14781880234627479,
    "stoch_k_14": 0.14716061915771034,
    "var_99_20d": 0.1469461817550213,
    "ema_100": 0.1458080433619879,
    "efficiency_ratio_50": 0.1445725635203308,
    "cmf_20": 0.1349806903385878,
    "realized_vol_5": 0.13307050914435198,
    "autocorr_1": 0.13284050168524658,
    "williams_r_14": 0.13113030564641148,
    "sortino_60d": 0.1293322811342715,
    "bb_position_50": 0.12868685087806386,
    "ichimoku_kijun": 0.12684725521455698,
    "bb_middle": 0.12367518502744927,
    "kyle_lambda_ma": 0.12225610598297498,
    "zscore_ma_10": 0.12163644681539396,
    "ofi": 0.12062867141879163,
    "zscore_ma_50": 0.11851906101011075,
    "info_ratio": 0.11724956973085568,
    "cci_20": 0.11589224665753227,
    "zscore_ma_20": 0.11487029735298006,
    "momentum_6m": 0.11402749724578795,
    "stoch_d_14": 0.11366802057151698,
    "bb_position_20": 0.11288419880357847,
    "ema_30": 0.10881746026879677,
    "gk_volatility": 0.10862031280734954,
    "return_10d": 0.10798544575447058,
    "macd": 0.1061802859521676,
    "momentum_3m": 0.10297641475061961,
    "volume_ma_ratio": 0.09566470792105514,
    "efficiency_ratio_10": 0.08943544049437203,
    "bull_power_norm": 0.08702787720148009,
    "return_1d": 0.08391112460557354,
    "rsi_14": 0.08361335897985198,
    "ema_20": 0.08170880452572522,
    "drawdown_60d_max": 0.08021095349333209,
    "force_index": 0.07184915982315304,
    "kyle_lambda": 0.07074693522256047,
    "sma_20": 0.06923782026531783,
    "vol_term_structure": 0.06870039793613829,
    "volume_zscore": 0.06752800594511464,
    "est_buy_volume": 0.06677916109335331,
    "efficiency_ratio_20": 0.05846331889022868,
    "return_20d": 0.05674220131538309,
    "est_sell_volume": 0.055754664703348646,
    "bear_power_norm": 0.052459092445682226,
    "return_5d": 0.052046642214071584,
    "return_zscore": 0.04920816907108397,
    "bearish_divergence": 0.005830463790397738,
    "bullish_divergence": 0.0008873678568083433
  },
  "top_30_features": [
    "atr_14",
    "bb_lower",
    "fractal_dimension",
    "skewness_60d",
    "tail_ratio",
    "drawdown",
    "var_95_parametric",
    "drawdown_20d_max",
    "log_price",
    "realized_vol_60",
    "ichimoku_senkou_a",
    "parkinson_vol",
    "kurtosis_60d",
    "minus_di",
    "ichimoku_tenkan",
    "autocorr_5",
    "cumulative_delta",
    "macd_signal",
    "vwap_distance",
    "sma_50",
    "amihud_illiquidity",
    "force_index_13",
    "ema_200",
    "ad_line",
    "vwap",
    "ichimoku_chikou",
    "hurst_approx",
    "volume_concentration",
    "ofi_ma",
    "bb_upper"
  ],
  "feature_categories": {
    "microstructure": [
      "parkinson_vol",
      "cumulative_delta",
      "vwap_distance",
      "amihud_illiquidity",
      "force_index_13",
      "vwap",
      "hurst_approx",
      "ofi_ma"
    ],
    "cross_asset": [
      "autocorr_5"
    ],
    "options": [
      "skewness_60d"
    ],
    "technical": [
      "atr_14",
      "bb_lower",
      "fractal_dimension",
      "log_price",
      "realized_vol_60",
      "ichimoku_senkou_a",
      "minus_di",
      "ichimoku_tenkan",
      "macd_signal",
      "sma_50",
      "ema_200",
      "ad_line",
      "ichimoku_chikou",
      "volume_concentration",
      "bb_upper"
    ],
    "risk": [
      "tail_ratio",
      "drawdown",
      "var_95_parametric",
      "drawdown_20d_max",
      "kurtosis_60d"
    ]
  }
}