{
  "ticker": "NVDA",
  "analysis_date": "2026-03-11T17:00:22.873290",
  "n_trading_days": 502,
  "n_features": 170,
  "model_performance": {
    "random_forest": {
      "accuracy": 0.5638554216867471,
      "std": 0.08185680844078567
    },
    "gradient_boosting": {
      "accuracy": 0.5253012048192771,
      "std": 0.06402568797872975
    },
    "ridge": {
      "r2": -3.269549594613806,
      "std": 4.413490621296524
    }
  },
  "feature_importance": {
    "efficiency_ratio_20": 0.7694427344552783,
    "skewness_60d": 0.6787216720804338,
    "ichimoku_chikou": 0.5961449234642004,
    "log_price": 0.5815184112159371,
    "vwap": 0.525627720081609,
    "vwap_distance": 0.46393726852073236,
    "info_ratio": 0.44954291282996095,
    "bull_power_norm": 0.4164668377459353,
    "parkinson_vol": 0.361754693094125,
    "delta_divergence": 0.345102151864618,
    "ichimoku_kijun": 0.33020314409913193,
    "ichimoku_senkou_a": 0.31359623080334886,
    "stoch_k_14": 0.30993598223285235,
    "bb_lower": 0.29153800970731236,
    "ad_line": 0.2825897474935064,
    "cumulative_delta": 0.27537239745806025,
    "rsi_14": 0.2696633817109225,
    "var_95_20d": 0.2682766916080715,
    "macd_signal": 0.2671433278890768,
    "sma_100": 0.2601319572322649,
    "var_95_parametric": 0.25861303917946316,
    "smi": 0.24139694471493278,
    "macd": 0.23700386200159834,
    "stoch_d_14": 0.23648147058124463,
    "realized_vol_10": 0.2356551583874306,
    "vol_of_vol": 0.23520374991898646,
    "sma_50": 0.231547807920362,
    "ema_200": 0.2311887882639519,
    "amihud_illiquidity": 0.2273755110299726,
    "bb_position_100": 0.22245728607621876,
    "kyle_lambda_ma": 0.22153505685583552,
    "bb_position_50": 0.21921418734264375,
    "ichimoku_senkou_b": 0.2079003172160741,
    "zscore_ma_100": 0.20245177485359309,
    "zscore_ma_50": 0.19988506857806315,
    "ema_10": 0.19831247159046198,
    "momentum_6m": 0.19801039980574958,
    "autocorr_5": 0.19574746637783824,
    "var_99_20d": 0.1897892561895275,
    "fractal_dimension": 0.18883515747807825,
    "ema_20": 0.18863335831388775,
    "macd_histogram": 0.1873120451652684,
    "realized_vol_20": 0.1848357784017411,
    "yz_volatility": 0.17886238778636196,
    "sma_10": 0.17589851199078818,
    "bb_upper": 0.16985201019015808,
    "ema_50": 0.16904877031019455,
    "kurtosis_60d": 0.1689222846442396,
    "drawdown_60d_max": 0.1681692264230908,
    "realized_vol_60": 0.16602605914534832,
    "cmf_20": 0.1649057124982789,
    "realized_vol_5": 0.16403703233938083,
    "sortino_60d": 0.16365525383218618,
    "smi_signal": 0.15914257275820853,
    "autocorr_1": 0.15726854936313356,
    "gk_volatility": 0.15462529520859356,
    "adx": 0.15246470393172223,
    "ema_30": 0.151829565090552,
    "days_since_high": 0.15021904676373465,
    "vol_term_structure": 0.14755377129048552,
    "williams_r_14": 0.14545015390167332,
    "force_index_13": 0.1448821297163002,
    "plus_di": 0.14328818682808145,
    "hurst_approx": 0.14281916992790325,
    "bb_position_20": 0.1416885772241383,
    "return_20d": 0.1389187401136736,
    "cci_20": 0.13731655275057877,
    "cvar_95_20d": 0.1366622959922852,
    "zscore_ma_20": 0.13448213882794444,
    "momentum_1m": 0.13072618221647203,
    "roll_spread": 0.12667042535391584,
    "efficiency_ratio_10": 0.12371123305682016,
    "minus_di": 0.11864944479578213,
    "return_10d": 0.117027718445807,
    "drawdown_20d_max": 0.1163332875246301,
    "momentum_3m": 0.11423736186809894,
    "efficiency_ratio_50": 0.11347017040347171,
    "sma_30": 0.11180393877819496,
    "est_sell_volume": 0.11004872614969304,
    "return_5d": 0.1078178856587526,
    "atr_14": 0.10097416655961777,
    "drawdown": 0.10032081613411727,
    "ofi": 0.09220938569641404,
    "bb_middle": 0.09125354751323651,
    "volume_ma_ratio": 0.09098727966830059,
    "ichimoku_tenkan": 0.08895919902441357,
    "sma_20": 0.08477215702136956,
    "sharpe_60d": 0.0837786807127509,
    "return_zscore": 0.0813678273946949,
    "est_buy_volume": 0.0726897157365589,
    "tail_ratio": 0.0726854173896856,
    "ofi_ma": 0.07222085843656749,
    "bb_position_10": 0.07017951630688084,
    "volume_concentration": 0.06664632906930028,
    "ema_100": 0.06452499295054259,
    "volume_zscore": 0.06255717894432865,
    "bear_power_norm": 0.060831967463596925,
    "force_index": 0.05930583008309133,
    "zscore_ma_10": 0.05877222944907491,
    "return_1d": 0.05385008421494079,
    "kyle_lambda": 0.031705035535098715,
    "bullish_divergence": 0.019304921485836398,
    "bearish_divergence": 0.01092289260423341
  },
  "top_30_features": [
    "efficiency_ratio_20",
    "skewness_60d",
    "ichimoku_chikou",
    "log_price",
    "vwap",
    "vwap_distance",
    "info_ratio",
    "bull_power_norm",
    "parkinson_vol",
    "delta_divergence",
    "ichimoku_kijun",
    "ichimoku_senkou_a",
    "stoch_k_14",
    "bb_lower",
    "ad_line",
    "cumulative_delta",
    "rsi_14",
    "var_95_20d",
    "macd_signal",
    "sma_100",
    "var_95_parametric",
    "smi",
    "macd",
    "stoch_d_14",
    "realized_vol_10",
    "vol_of_vol",
    "sma_50",
    "ema_200",
    "amihud_illiquidity",
    "bb_position_100"
  ],
  "feature_categories": {
    "microstructure": [
      "efficiency_ratio_20",
      "vwap",
      "vwap_distance",
      "parkinson_vol",
      "delta_divergence",
      "cumulative_delta",
      "smi",
      "amihud_illiquidity"
    ],
    "options": [
      "skewness_60d"
    ],
    "technical": [
      "ichimoku_chikou",
      "log_price",
      "info_ratio",
      "bull_power_norm",
      "ichimoku_kijun",
      "ichimoku_senkou_a",
      "stoch_k_14",
      "bb_lower",
      "ad_line",
      "rsi_14",
      "macd_signal",
      "sma_100",
      "macd",
      "stoch_d_14",
      "realized_vol_10",
      "vol_of_vol",
      "sma_50",
      "ema_200"
    ],
    "risk": [
      "var_95_20d",
      "var_95_parametric"
    ],
    "stat_arb": [
      "bb_position_100"
    ]
  }
}